{"RuleTriggered": 1, "Violations": 1, "Details": {"algo-1": {"cpu": {"p25": 18.0825, "p50": 20.978125, "p75": 35.849374999999995, "p95": 50.523687499999966, "upper": 62.499687499999986, "lower": 1.77}, "gpu0": {"p25": 0.0, "p50": 0.0, "p75": 4.0, "p95": 6.0, "upper": 7.0, "lower": 0.0}, "gpu0_memory": {"p25": 0.0, "p50": 0.0, "p75": 1.0, "p95": 1.0, "upper": 2.0, "lower": 0.0}}, "last_timestamp": 1675342620000000}, "Datapoints": 1058, "RuleParameters": "cpu_threshold_p95:70\ngpu_threshold_p95:70\ngpu_memory_threshold_p95:70\npatience:1000\nwindow:500"}