{"RuleTriggered": 0, "Violations": 172, "Details": {"low_gpu_utilization": 1059, "bottlenecks": {"1675342635.000362": {"GPUs": 1, "CPUs": 1}, "1675342636.500353": {"GPUs": 1, "CPUs": 1}, "1675342637.500455": {"GPUs": 1, "CPUs": 1}, "1675342638.000404": {"GPUs": 1, "CPUs": 1}, "1675342638.500393": {"GPUs": 1, "CPUs": 1}, "1675342639.00041": {"GPUs": 1, "CPUs": 1}, "1675342640.000357": {"GPUs": 1, "CPUs": 1}, "1675342641.00037": {"GPUs": 1, "CPUs": 1}, "1675342642.000559": {"GPUs": 1, "CPUs": 1}, "1675342646.000396": {"GPUs": 1, "CPUs": 1}, "1675342660.500406": {"GPUs": 1, "CPUs": 1}, "1675342668.000416": {"GPUs": 1, "CPUs": 1}, "1675342670.000358": {"GPUs": 1, "CPUs": 1}, "1675342670.500357": {"GPUs": 1, "CPUs": 1}, "1675342673.500363": {"GPUs": 1, "CPUs": 1}, "1675342742.500684": {"GPUs": 1, "CPUs": 2}, "1675342750.000364": {"GPUs": 1, "CPUs": 1}, "1675342750.500343": {"GPUs": 1, "CPUs": 1}, "1675342751.000376": {"GPUs": 1, "CPUs": 1}, "1675342752.00144": {"GPUs": 1, "CPUs": 1}, "1675342756.500384": {"GPUs": 1, "CPUs": 1}, "1675342757.000339": {"GPUs": 1, "CPUs": 1}, "1675342757.500394": {"GPUs": 1, "CPUs": 1}, "1675342758.00036": {"GPUs": 1, "CPUs": 1}, "1675342761.500384": {"GPUs": 1, "CPUs": 1}, "1675342762.500335": {"GPUs": 1, "CPUs": 1}, "1675342763.000345": {"GPUs": 1, "CPUs": 1}, "1675342764.500386": {"GPUs": 1, "CPUs": 1}, "1675342765.000372": {"GPUs": 1, "CPUs": 1}, "1675342768.000367": {"GPUs": 1, "CPUs": 1}, "1675342768.500361": {"GPUs": 1, "CPUs": 1}, "1675342769.000401": {"GPUs": 1, "CPUs": 1}, "1675342770.500365": {"GPUs": 1, "CPUs": 1}, "1675342777.500373": {"GPUs": 1, "CPUs": 1}, "1675342786.500345": {"GPUs": 1, "CPUs": 1}, "1675342799.000324": {"GPUs": 1, "CPUs": 1}, "1675342799.500383": {"GPUs": 1, "CPUs": 1}, "1675342800.000335": {"GPUs": 1, "CPUs": 1}, "1675342839.000374": {"GPUs": 1, "CPUs": 1}, "1675342847.500652": {"GPUs": 1, "CPUs": 1}, "1675342848.000338": {"GPUs": 1, "CPUs": 1}, "1675342848.500388": {"GPUs": 1, "CPUs": 1}, "1675342849.000337": {"GPUs": 1, "CPUs": 1}, "1675342849.500392": {"GPUs": 1, "CPUs": 1}, "1675342850.000359": {"GPUs": 1, "CPUs": 1}, "1675342850.500331": {"GPUs": 1, "CPUs": 1}, "1675342851.000828": {"GPUs": 1, "CPUs": 1}, "1675342851.500418": {"GPUs": 1, "CPUs": 1}, "1675342854.000367": {"GPUs": 1, "CPUs": 1}, "1675342862.500372": {"GPUs": 1, "CPUs": 1}, "1675342871.00035": {"GPUs": 1, "CPUs": 1}, "1675342871.500334": {"GPUs": 1, "CPUs": 1}, "1675342872.000337": {"GPUs": 1, "CPUs": 1}, "1675342890.500384": {"GPUs": 1, "CPUs": 1}, "1675342891.00036": {"GPUs": 1, "CPUs": 1}, "1675342891.50035": {"GPUs": 1, "CPUs": 1}, "1675342893.000354": {"GPUs": 1, "CPUs": 1}, "1675342893.500318": {"GPUs": 1, "CPUs": 1}, "1675342894.000419": {"GPUs": 1, "CPUs": 1}, "1675342895.500324": {"GPUs": 1, "CPUs": 1}, "1675342896.000385": {"GPUs": 1, "CPUs": 1}, "1675342896.500341": {"GPUs": 1, "CPUs": 1}, "1675342897.000338": {"GPUs": 1, "CPUs": 1}, "1675342898.500346": {"GPUs": 1, "CPUs": 1}, "1675342904.000387": {"GPUs": 1, "CPUs": 1}, "1675342904.500373": {"GPUs": 1, "CPUs": 1}, "1675342905.00036": {"GPUs": 1, "CPUs": 1}, "1675342910.500369": {"GPUs": 1, "CPUs": 1}, "1675342912.000327": {"GPUs": 1, "CPUs": 1}, "1675342913.00037": {"GPUs": 1, "CPUs": 1}, "1675342913.500321": {"GPUs": 1, "CPUs": 1}, "1675342915.500346": {"GPUs": 1, "CPUs": 1}, "1675342919.500352": {"GPUs": 1, "CPUs": 1}, "1675342921.500367": {"GPUs": 1, "CPUs": 1}, "1675342927.500348": {"GPUs": 1, "CPUs": 1}, "1675342931.500368": {"GPUs": 1, "CPUs": 1}, "1675342933.500332": {"GPUs": 1, "CPUs": 1}, "1675342935.000317": {"GPUs": 1, "CPUs": 1}, "1675342938.500378": {"GPUs": 1, "CPUs": 1}, "1675342944.500379": {"GPUs": 1, "CPUs": 1}, "1675342945.000359": {"GPUs": 1, "CPUs": 1}, "1675342946.000353": {"GPUs": 1, "CPUs": 1}, "1675342946.500329": {"GPUs": 1, "CPUs": 1}, "1675342950.500355": {"GPUs": 1, "CPUs": 1}, "1675342951.500327": {"GPUs": 1, "CPUs": 1}, "1675342954.000341": {"GPUs": 1, "CPUs": 1}, "1675342957.000343": {"GPUs": 1, "CPUs": 1}, "1675342957.500368": {"GPUs": 1, "CPUs": 1}, "1675342958.000347": {"GPUs": 1, "CPUs": 1}, "1675342958.500397": {"GPUs": 1, "CPUs": 1}, "1675342959.000391": {"GPUs": 1, "CPUs": 1}, "1675342959.500323": {"GPUs": 1, "CPUs": 1}, "1675342960.500354": {"GPUs": 1, "CPUs": 1}, "1675342961.000315": {"GPUs": 1, "CPUs": 1}, "1675342966.50037": {"GPUs": 1, "CPUs": 1}, "1675342975.500378": {"GPUs": 1, "CPUs": 1}, "1675342981.000358": {"GPUs": 1, "CPUs": 1}, "1675342987.500427": {"GPUs": 1, "CPUs": 1}, "1675342991.500356": {"GPUs": 1, "CPUs": 1}, "1675342992.000365": {"GPUs": 1, "CPUs": 1}, "1675342993.000343": {"GPUs": 1, "CPUs": 1}, "1675342993.500358": {"GPUs": 1, "CPUs": 1}, "1675342996.000313": {"GPUs": 1, "CPUs": 1}, "1675342998.000402": {"GPUs": 1, "CPUs": 1}, "1675342998.500365": {"GPUs": 1, "CPUs": 1}, "1675342999.500326": {"GPUs": 1, "CPUs": 1}, "1675343000.500316": {"GPUs": 1, "CPUs": 1}, "1675343004.500376": {"GPUs": 1, "CPUs": 1}, "1675343005.000314": {"GPUs": 1, "CPUs": 1}, "1675343019.000355": {"GPUs": 1, "CPUs": 1}, "1675343023.000417": {"GPUs": 1, "CPUs": 1}, "1675343028.500354": {"GPUs": 1, "CPUs": 1}, "1675343031.500389": {"GPUs": 1, "CPUs": 1}, "1675343033.000368": {"GPUs": 1, "CPUs": 1}, "1675343035.000337": {"GPUs": 1, "CPUs": 1}, "1675343036.500391": {"GPUs": 1, "CPUs": 1}, "1675343038.500327": {"GPUs": 1, "CPUs": 1}, "1675343042.500383": {"GPUs": 1, "CPUs": 1}, "1675343044.000346": {"GPUs": 1, "CPUs": 1}, "1675343047.000384": {"GPUs": 1, "CPUs": 1}, "1675343047.500365": {"GPUs": 1, "CPUs": 1}, "1675343050.000335": {"GPUs": 1, "CPUs": 1}, "1675343051.500355": {"GPUs": 1, "CPUs": 1}, "1675343053.500414": {"GPUs": 1, "CPUs": 1}, "1675343055.000352": {"GPUs": 1, "CPUs": 1}, "1675343056.500349": {"GPUs": 1, "CPUs": 1}, "1675343058.000362": {"GPUs": 1, "CPUs": 1}, "1675343058.50035": {"GPUs": 1, "CPUs": 1}, "1675343059.000379": {"GPUs": 1, "CPUs": 1}, "1675343061.500344": {"GPUs": 1, "CPUs": 1}, "1675343063.000383": {"GPUs": 1, "CPUs": 1}, "1675343064.000399": {"GPUs": 1, "CPUs": 1}, "1675343064.500387": {"GPUs": 1, "CPUs": 1}, "1675343066.500318": {"GPUs": 1, "CPUs": 1}, "1675343067.000352": {"GPUs": 1, "CPUs": 1}, "1675343068.000359": {"GPUs": 1, "CPUs": 1}, "1675343071.000344": {"GPUs": 1, "CPUs": 1}, "1675343078.000386": {"GPUs": 1, "CPUs": 1}, "1675343078.500376": {"GPUs": 1, "CPUs": 1}, "1675343079.50042": {"GPUs": 1, "CPUs": 1}, "1675343080.000392": {"GPUs": 1, "CPUs": 1}, "1675343081.50035": {"GPUs": 1, "CPUs": 1}, "1675343083.500351": {"GPUs": 1, "CPUs": 1}, "1675343084.000347": {"GPUs": 1, "CPUs": 1}, "1675343088.000327": {"GPUs": 1, "CPUs": 1}, "1675343088.500399": {"GPUs": 1, "CPUs": 1}, "1675343091.000365": {"GPUs": 1, "CPUs": 1}, "1675343092.000359": {"GPUs": 1, "CPUs": 1}, "1675343092.500352": {"GPUs": 1, "CPUs": 1}, "1675343093.500343": {"GPUs": 1, "CPUs": 1}, "1675343095.50038": {"GPUs": 1, "CPUs": 1}, "1675343097.000335": {"GPUs": 1, "CPUs": 1}, "1675343098.500353": {"GPUs": 1, "CPUs": 1}, "1675343099.500327": {"GPUs": 1, "CPUs": 1}, "1675343100.000351": {"GPUs": 1, "CPUs": 1}, "1675343101.500348": {"GPUs": 1, "CPUs": 1}, "1675343103.500374": {"GPUs": 1, "CPUs": 1}, "1675343104.50036": {"GPUs": 1, "CPUs": 1}, "1675343107.500382": {"GPUs": 1, "CPUs": 1}, "1675343109.500379": {"GPUs": 1, "CPUs": 1}, "1675343110.000365": {"GPUs": 1, "CPUs": 1}, "1675343112.00037": {"GPUs": 1, "CPUs": 1}, "1675343112.500332": {"GPUs": 1, "CPUs": 1}, "1675343113.500352": {"GPUs": 1, "CPUs": 1}, "1675343115.000384": {"GPUs": 1, "CPUs": 1}, "1675343116.000363": {"GPUs": 1, "CPUs": 1}, "1675343116.500353": {"GPUs": 1, "CPUs": 1}, "1675343121.000382": {"GPUs": 1, "CPUs": 1}, "1675343123.500383": {"GPUs": 1, "CPUs": 1}, "1675343124.500343": {"GPUs": 1, "CPUs": 1}, "1675343126.500348": {"GPUs": 1, "CPUs": 1}, "1675343131.500342": {"GPUs": 1, "CPUs": 1}}}, "Datapoints": 1062, "RuleParameters": "threshold:50\ncpu_threshold:90\ngpu_threshold:10\npatience:1000"}