{"RuleTriggered": 0, "Violations": 0, "Details": {"pin_memory": false, "num_workers": 0, "cores": 8, "dataloaders": 1, "dataloading_time": {"p25": 0.085841, "p50": 0.085841, "p95": 0.085841, "probs": [0, 0, 0, 0, 0, 0, 0, 0, 0, 0, 0, 0, 0, 0, 0, 0, 0, 0, 0, 0, 0, 0, 0, 0, 0, 0, 0, 0, 0, 0, 0, 0, 0, 0, 0, 0, 0, 0, 0, 0, 0, 0, 0, 0, 0, 0, 0, 0, 0, 0, 1, 0, 0, 0, 0, 0, 0, 0, 0, 0, 0, 0, 0, 0, 0, 0, 0, 0, 0, 0, 0, 0, 0, 0, 0, 0, 0, 0, 0, 0, 0, 0, 0, 0, 0, 0, 0, 0, 0, 0, 0, 0, 0, 0, 0, 0, 0, 0, 0, 0], "binedges": [-0.414159, -0.404159, -0.394159, -0.38415900000000003, -0.374159, -0.364159, -0.354159, -0.344159, -0.334159, -0.324159, -0.31415899999999997, -0.304159, -0.294159, -0.284159, -0.274159, -0.26415900000000003, -0.254159, -0.244159, -0.234159, -0.224159, -0.214159, -0.204159, -0.194159, -0.184159, -0.174159, -0.164159, -0.154159, -0.14415899999999998, -0.13415899999999997, -0.12415900000000002, -0.11415900000000001, -0.104159, -0.09415899999999999, -0.08415899999999998, -0.07415899999999997, -0.06415899999999997, -0.05415900000000001, -0.044159000000000004, -0.034158999999999995, -0.024158999999999986, -0.014158999999999977, -0.004158999999999968, 0.005840999999999985, 0.015840999999999994, 0.025841000000000003, 0.03584100000000001, 0.04584100000000002, 0.05584100000000003, 0.06584099999999998, 0.07584099999999999, 0.085841, 0.09584100000000001, 0.10584100000000002, 0.11584100000000003, 0.12584100000000004, 0.13584100000000005, 0.14584100000000005, 0.15584100000000006, 0.16584099999999996, 0.17584099999999997, 0.18584099999999998, 0.195841, 0.205841, 0.215841, 0.22584100000000001, 0.23584100000000002, 0.24584100000000003, 0.25584100000000004, 0.26584100000000005, 0.27584100000000006, 0.28584100000000007, 0.29584099999999997, 0.305841, 0.315841, 0.325841, 0.335841, 0.345841, 0.355841, 0.365841, 0.37584100000000004, 0.38584100000000005, 0.39584100000000005, 0.40584100000000006, 0.41584100000000007, 0.42584099999999997, 0.435841, 0.445841, 0.455841, 0.465841, 0.475841, 0.485841, 0.49584100000000003, 0.505841, 0.515841, 0.525841, 0.535841, 0.545841, 0.555841, 0.565841, 0.575841, 0.5858410000000001]}}, "Datapoints": 1, "RuleParameters": "min_threshold:70\nmax_threshold:200"}