{"RuleTriggered": 0, "Violations": 16, "Details": {"low_gpu_utilization": 1059, "bottlenecks": {"1675342631.000387": {"GPUs": 1, "CPUs": 1}, "1675342632.500402": {"GPUs": 1, "CPUs": 1}, "1675342633.50034": {"GPUs": 1, "CPUs": 1}, "1675342635.500451": {"GPUs": 1, "CPUs": 1}, "1675342636.500353": {"GPUs": 1, "CPUs": 1}, "1675342728.000349": {"GPUs": 1, "CPUs": 1}, "1675342870.50035": {"GPUs": 1, "CPUs": 1}, "1675342871.00035": {"GPUs": 1, "CPUs": 1}, "1675342871.500334": {"GPUs": 1, "CPUs": 1}, "1675342872.000337": {"GPUs": 1, "CPUs": 1}, "1675342876.000348": {"GPUs": 1, "CPUs": 1}, "1675342883.500361": {"GPUs": 1, "CPUs": 1}, "1675342884.000327": {"GPUs": 1, "CPUs": 1}, "1675342884.500345": {"GPUs": 1, "CPUs": 1}, "1675342885.000334": {"GPUs": 1, "CPUs": 1}, "1675342888.500322": {"GPUs": 1, "CPUs": 1}}}, "Datapoints": 1062, "RuleParameters": "threshold:50\nio_threshold:50\ngpu_threshold:10\npatience:1000"}