{"RuleTriggered": 0, "Violations": 0, "Details": {"ratio": {"gpu_functions-dev:0": 49.99886418698794, "cpu_functions": 50.00113581301206}, "phase": {"Step:ModeKeys.TRAIN": 32.66079060891748, "others": 61.07109460926772, "Step:ModeKeys.EVAL": 6.268114781814798}, "phase_time": {}, "CPU": {"aten::conv2d": 21.187574756575778, "aten::convolution": 21.180209182309174, "aten::_convolution": 21.17490516823132, "aten::cudnn_convolution": 21.16747954852232, "aten::linear": 7.646086558307327, "aten::addmm": 7.643744786054087}, "CPU_total": {"aten::conv2d": 1058577, "aten::convolution": 1058209, "aten::_convolution": 1057944, "aten::cudnn_convolution": 1057573, "aten::linear": 382015, "aten::addmm": 381898}, "GPU": {"aten::conv2d": 21.188034967546933, "aten::convolution": 21.182934800261446, "aten::_convolution": 21.178314648720477, "aten::cudnn_convolution": 21.171994441417677, "aten::linear": 7.640510608747967, "aten::addmm": 7.638210533305492}, "GPU_total": {"aten::conv2d": 1059367, "aten::convolution": 1059112, "aten::_convolution": 1058881, "aten::cudnn_convolution": 1058565, "aten::linear": 382013, "aten::addmm": 381898}, "general": {"DataLoaderIterInitialize": 0.0015202108072055209, "DataLoaderIter": 0.13579231623447358, "Forward": 99.86268747295833}}, "Datapoints": 0, "RuleParameters": ""}