{"RuleTriggered": 0, "Violations": 0, "Details": {"step_details": {"algo-1-27": {"step_stats": {"mean": 0.016221510366826154, "max": 0.061918, "p99": 0.02199148, "p95": 0.02073679999999999, "p50": 0.015392, "min": 0.014017}, "number_of_outliers": 2, "phase": "Step:ModeKeys.EVAL", "stddev": 0.0, "probs": [5, 5, 10, 15, 21, 28, 25, 28, 46, 36, 36, 31, 35, 23, 25, 29, 16, 11, 12, 12, 8, 11, 10, 14, 8, 6, 2, 5, 6, 4, 4, 3, 3, 3, 4, 2, 3, 3, 1, 1, 1, 1, 1, 5, 0, 0, 0, 2, 2, 3, 1, 1, 1, 3, 2, 5, 1, 9, 3, 1, 3, 0, 2, 2, 0, 1, 0, 3, 0, 3, 6, 4, 2, 4, 1, 0, 0, 1, 0, 0, 0, 0, 0, 0, 0, 0, 0, 0, 0, 0, 0, 0, 0, 0, 0, 0, 0, 0, 0, 1], "binedges": [0.014017, 0.01412587, 0.01423474, 0.01434361, 0.01445248, 0.01456135, 0.01467022, 0.01477909, 0.01488796, 0.01499683, 0.0151057, 0.01521457, 0.01532344, 0.01543231, 0.01554118, 0.01565005, 0.01575892, 0.01586779, 0.01597666, 0.01608553, 0.0161944, 0.01630327, 0.01641214, 0.01652101, 0.01662988, 0.01673875, 0.01684762, 0.01695649, 0.01706536, 0.01717423, 0.0172831, 0.01739197, 0.01750084, 0.01760971, 0.01771858, 0.01782745, 0.01793632, 0.01804519, 0.01815406, 0.01826293, 0.0183718, 0.018480669999999998, 0.01858954, 0.01869841, 0.01880728, 0.01891615, 0.01902502, 0.01913389, 0.019242759999999998, 0.01935163, 0.0194605, 0.01956937, 0.01967824, 0.01978711, 0.01989598, 0.020004849999999998, 0.02011372, 0.02022259, 0.02033146, 0.02044033, 0.0205492, 0.02065807, 0.020766939999999998, 0.02087581, 0.02098468, 0.02109355, 0.02120242, 0.02131129, 0.02142016, 0.021529029999999998, 0.0216379, 0.02174677, 0.02185564, 0.02196451, 0.02207338, 0.02218225, 0.022291119999999998, 0.02239999, 0.02250886, 0.02261773, 0.0227266, 0.02283547, 0.02294434, 0.023053209999999998, 0.02316208, 0.02327095, 0.02337982, 0.02348869, 0.02359756, 0.02370643, 0.023815299999999998, 0.02392417, 0.02403304, 0.02414191, 0.02425078, 0.02435965, 0.02446852, 0.024577389999999998, 0.02468626, 0.02479513, 0.024904], "step_numbers": ["0", "500"]}}}, "Datapoints": 3968, "RuleParameters": "threshold:3\nmode:None\nn_outliers:10\nstddev:3"}